"","category","ANY","EAC","EGJAC"
"1","Demographic",1.15055390053496,1.15874910904523,0.93240306903184
"2","Comorbidities",0.22283315445634,0.186343203861573,0.186477348101849
"3","Medication",0.0157560899739244,0.0133820646010011,0.000820109669865124
"4","Lab",0.39635206226607,0.304589681500341,0.357561996895066
