"","category","ANY","EAC","EGJAC"
"1","Demographic",1.16517464326878,1.1498248360504,0.940277781300713
"2","Comorbidities",0.227139978147382,0.185663433967172,0.20180672419836
"3","Medication",0.0143371084667028,0.0129267971515316,0.00163219518708748
"4","Lab",0.433188778805967,0.295937104470375,0.354679929028871
