"","category","ANY","EAC","EGJAC"
"1","Comorbidities",0.0771756029012678,0.0735805385518183,0.0604926663535422
"2","Demographic",0.492752823698941,0.526950386144556,0.335937634075389
"3","Lab",0.423845399356636,0.391157668205567,0.602753711242396
"4","Medication",0.00622617404315523,0.00831140709805839,0.00081598832867326
