"","category","ANY","EAC","EGJAC"
"1","Comorbidities",0.0749289570665945,0.0734972159768303,0.0556549871685548
"2","Demographic",0.479370202470394,0.527119607922781,0.307326245390842
"3","Lab",0.439586226635191,0.391559848216607,0.636433994163875
"4","Medication",0.00611461382782104,0.0078233278837816,0.000584773276728665
