"","category","ANY","EAC","EGJAC"
"1","Demographic",1.12878077063209,1.15559747604267,0.83814097734256
"2","Comorbidities",0.182182933730184,0.163761660279454,0.113227156280362
"3","Medication",0.0149323987978145,0.0110912500217087,0.00189283961742811
"4","Lab",0.268780136597881,0.250082676563397,0.221465020462195
