"","category","ANY","EAC","EGJAC"
"1","Demographic",1.12905686135681,1.15695891483444,0.852879204617945
"2","Comorbidities",0.20534715268704,0.190161560166359,0.14070980121578
"3","Medication",0.0164769246959923,0.0141460076885158,0.00189713546116425
"4","Lab",0.271744935576422,0.254872917051583,0.231517598395288
