"","category","ANY","EAC","EGJAC"
"1","Demographic",1.13046075022686,1.15862224269252,0.854294939530835
"2","Comorbidities",0.205192126819566,0.18989348171137,0.140502990424601
"3","Medication",0.0165122971105227,0.0141424558301005,0.00191495974035268
"4","Lab",0.272240345647464,0.255261281102516,0.231275133223892
