"","category","ANY","EAC","EGJAC"
"1","Demographic",1.11685270973106,1.16691858745365,0.861581143569103
"2","Comorbidities",0.195861356650273,0.19433761927276,0.141494410024914
"3","Medication",0.0147344568304637,0.014255088630558,0.00182830390321239
"4","Lab",0.349068977536723,0.382894705322916,0.219226506931999
