"","category","ANY","EAC","EGJAC"
"1","Demographic",1.11972814165665,1.1601010552287,0.871714871761945
"2","Comorbidities",0.198759777430656,0.19084129123578,0.144591611508536
"3","Medication",0.0151145854787204,0.013397600021433,0.00255554955774688
"4","Lab",0.352726710098407,0.330310904430814,0.221846643557464
