"","category","ANY","EAC","EGJAC"
"1","Comorbidities",0.0745169689821048,0.0685728601418523,0.0614020760573126
"2","Demographic",0.418101315056163,0.411314122762416,0.319237411940422
"3","Lab",0.500467178284926,0.511176383201556,0.617418345339938
"4","Medication",0.00691453767680611,0.00893663389417568,0.0019421666623269
