"","category","ANY","EAC","EGJAC"
"1","Comorbidities",0.0729025001105031,0.0727953001200587,0.0633064856740764
"2","Demographic",0.407147261274215,0.442465039969922,0.321203612621617
"3","Lab",0.512689607915223,0.476613414571717,0.613420606194258
"4","Medication",0.00726063070005856,0.00812624533830241,0.00206929551004911
