"","category","Gain"
"1","Comorbidities",0.0374415229913694
"2","Demographic",0.0967591987919304
"3","Lab",0.831580711107928
"4","Medication",0.0342185671087719
