"","category","Gain"
"1","Clinical",0.0214367247667377
"2","Comorbidities",0.0289398119807368
"3","Demographic",0.252038483274691
"4","Lab",0.669210035381768
"5","Medication",0.0283749445960658
