"","category","Gain"
"1","Clinical",0.0930247224008757
"2","Comorbidities",0.0480907572899533
"3","Demographic",0.0858841860085702
"4","Lab",0.698663298638942
"5","Medication",0.0743370356616584
