"","category","Gain"
"1","Comorbidities",0.0623264313967411
"2","Demographic",0.422712136953101
"3","Lab",0.508705941521106
"4","Medication",0.00625549012905134
