"","category","Gain"
"1","Comorbidities",0.0244352045846722
"2","Demographic",0.145029845488377
"3","Lab",0.788997380683319
"4","Medication",0.0415375692436323
