"","category","ANY","EAC","EGJAC"
"1","Demographic",0.492131321604663,0.546802773013073,0.345703674516719
"2","Comorbidities",0.215715635781678,0.208076528115366,0.15755364467758
"3","Medication",0.0171536197051421,0.0148902928012885,0.00208202524277673
"4","Lab",0.295268049693907,0.280567110500233,0.262532037363104
