"","category","ANY","EAC","EGJAC"
"1","Demographic",0.441747323105211,0.489998263291221,0.25315827010694
"2","Comorbidities",0.20689361838716,0.194613520155258,0.136161479678657
"3","Medication",0.0156658405584689,0.0116656306779135,0.00207568847644263
"4","Lab",0.291303018900263,0.27511810058648,0.250869273233379
