"","medication","N_Control","N_EAC","N_EGJAC","prop_Control","prop_EAC","prop_EGJAC","value"
"1","h2r",9354485,7372,2624,0.476992889635666,0.466523224908239,0.46949364823761,"missing"
"2","h2r",10256887,8430,2965,0.523007110364334,0.533476775091761,0.53050635176239,"total"
"3","ppi",8118889,5598,2020,0.441825640451864,0.399059024807528,0.405215646940822,"missing"
"4","ppi",10256887,8430,2965,0.558174359548136,0.600940975192472,0.594784353059178,"total"
