"","medication","N_Control","N_EAC","N_EGJAC","prop_Control","prop_EAC","prop_EGJAC","value"
"1","h2r",9354485,7372,2624,0.912019894535252,0.874495848161329,0.884991568296796,"missing"
"2","h2r",902402,1058,341,0.0879801054647477,0.125504151838671,0.115008431703204,"observed"
"3","ppi",8118889,5598,2020,0.791554884050102,0.664056939501779,0.681281618887015,"missing"
"4","ppi",2137998,2832,945,0.208445115949898,0.335943060498221,0.318718381112985,"observed"
