"","category","ANY","EAC","EGJAC"
"1","Demographic",1.18925841955472,1.22853796932573,0.947928427340964
"2","Comorbidities",0.326585345250209,0.3247160457627,0.24886065894192
"3","Medication",0.0341767957028412,0.0333892463271134,0.0127910196207521
"4","Lab",0.43749996051302,0.451900246473834,0.41656723140447
