"","category","ANY","EAC","EGJAC"
"1","Comorbidities",0.0768383714124395,0.0731780429886873,0.0463171380936812
"2","Demographic",0.313392827189471,0.309628958237967,0.202667120080933
"3","Lab",0.601465331961496,0.609008163090521,0.748501959847511
"4","Medication",0.00830346943659417,0.00818483568282456,0.00251378197787439
