"","category","ANY","EAC","EGJAC"
"1","Demographic",0.790971415436364,0.675566778956482,0.548612938957986
"2","Comorbidities",0.0946872510692478,0.0771942222258492,0.0505183483658847
"3","Medication",0.0129395705160887,0.00959326392391505,0.00149198816331202
"4","Lab",0.205686041997245,0.18228510026623,0.134169413514702
