"","category","ANY","EAC","EGJAC"
"1","Demographic",2.91895078232113,2.87398287206136,2.27739452612318
"2","Comorbidities",0.176403341659456,0.139118526618488,0.0938424993835782
"3","Medication",0.0145337514301017,0.0121563252512132,0.00149274740454661
"4","Lab",0.207055290126349,0.186013454901447,0.142894556920099
