"","category","Gain"
"1","Clinical",0.0231374416065929
"2","Comorbidities",0.0180999668413815
"3","Demographic",0.138675961179762
"4","Lab",0.786987490245878
"5","Medication",0.0330991401263853
